key,moment,title,nick,message,email,link
peep-01,2020/02/02 22:22,aaaaaaaaaaT$$%^&*!@#$%^&*()?.,Genial,Hoy es un buen dia para ir a la compra,cr7@gmail.com,https://www.realmadrid.com/
peep-02,2020/02/02 22:22,aaaaaaaaaaT<h1>hello there<h1>,Genial,Hoy es un buen dia para ir a la compra,cr7@gmail.com,https://www.realmadrid.com/
peep-03,2020/02/02 22:22,aaaaaaaaaaaaaT<script>alert('hi')</script>,Genial,Hoy es un buen dia para ir a la compra,cr7@gmail.com,https://www.realmadrid.com/
peep-04,2020/02/02 22:22,aaaaaaaaaaaaaaaaa45,Genial,Hoy es un buen dia para ir a la compra,cr7@gmail.com,https://www.realmadrid.com/
peep-05,2020/02/02 22:22,aaaaaaaaaa,Genial,Hoy es un buen dia para ir a la compra,cr7@gmail.com,https://www.realmadrid.com/
peep-06,2020/02/02 22:22,aaaaaaaaaaaaaaabb,Genial,Hoy es un buen dia para ir a la compra,cr7@gmail.com,https://www.realmadrid.com/
peep-07,2020/02/02 22:22,aaaaaaaaaaaespañol y tíldes,Genial,Hoy es un buen dia para ir a la compra,cr7@gmail.com,https://www.realmadrid.com/
peep-08,2020/02/02 22:22,aaaaaaaaaaaaaaMedium sized text,Genial,Hoy es un buen dia para ir a la compra,cr7@gmail.com,https://www.realmadrid.com/
peep-09,2020/02/02 22:22,aaaaaaaaaaYa es lunes 1,Genial,Hoy es un buen dia para ir a la compra,cr7@gmail.com,https://www.realmadrid.com/
peep-10,2020/02/02 22:22,aaaaaaaYa es lunes 10,bb,Hoy es un buen dia para ir a la compra,cr7@gmail.com,https://www.realmadrid.com/
